N.;Direccion;Proyecto;Localidad
1;Cl 42 Sur 14 49 Este;C.A.S.C. - VIVIENDA - AOP5;AOP5
2;Cl 42 Sur 14 41 Este;C.A.S.C. - VIVIENDA - AOP5;AOP5
3;Cl 42 Sur 14 53 Este;C.A.S.C. - VIVIENDA - AOP5;AOP5
4;Cl 42 Sur 14 29 Este;C.A.S.C. - VIVIENDA - AOP5;AOP5
5;Cl 42 Sur 14 35;C.A.S.C. - VIVIENDA - AOP5;AOP5
6;Cl 42 Sur 14 25 Este;C.A.S.C. - VIVIENDA - AOP5;AOP5
7;Cl 42 Sur 14 69 Este;C.A.S.C. - VIVIENDA - AOP5;AOP5
8;CL 42 SUR 14 63 ESTE;C.A.S.C. - VIVIENDA - AOP5;AOP5
9;KR 14 ESTE 42 12 SUR;C.A.S.C. - VIVIENDA - AOP5;AOP5
10;Cl 42 Sur 14 61 Este;C.A.S.C. - VIVIENDA - AOP5;AOP5
11;Kr 14 Este 42 14 Sur;C.A.S.C. - VIVIENDA - AOP5;AOP5
12;KR 15 ESTE 42 15 SUR;C.A.S.C. - VIVIENDA - AOP5;AOP5
13;Kr 14 Este 42 10 Sur;C.A.S.C. - VIVIENDA - AOP5;AOP5
14;CL 27 19B 41;CALLE 26 EDO. UMA헤;UMANA
15;CL 27 19B 49;CALLE 26 EDO. UMA헤;UMANA
16;KR 20A 26 48;CALLE 26 EDO. UMA헤;UMANA
17;AC 26 19B 26 IN 1;CALLE 26 EDO. UMA헤;UMANA
18;KR 20A 26 58;CALLE 26 EDO. UMA헤;UMANA
19;CL 37 BIS A SUR 2A 29 ESTE LC 8 TO 6;LA COLMENA;LA COLMENA
20;CL 37 BIS A SUR 2A 29 ESTE LC 9 TO 6;LA COLMENA;LA COLMENA
21;CL 37 BIS A SUR 2A 29 ESTE LC 2;LA COLMENA;LA COLMENA
22;CL 37 BIS A SUR 2A 29 ESTE LC 7 TO 6;LA COLMENA;LA COLMENA
23;CL 37 BIS A SUR 2A 29 ESTE LC 1;LA COLMENA;LA COLMENA
24;CL 37 BIS A SUR 2A 29 ESTE LC 10 TO 6;LA COLMENA;LA COLMENA
25;CL 37 BIS A SUR 2A 29 ESTE LC 6 TO 6;LA COLMENA;LA COLMENA
26;CL 37 BIS A SUR 2A 29 ESTE LC 3;LA COLMENA;LA COLMENA
27;CL 37 BIS A SUR 2A 29 ESTE LC 4 TO 6;LA COLMENA;LA COLMENA
28;CL 37 BIS A SUR 2A 29 ESTE LC 5 TO 6;LA COLMENA;LA COLMENA
29;CL 2A 4 31;LAS CRUCES;LAS CRUCES
30;CL 24A 13A 41 AP 102;ESTACI흁 CENTRAL;ESTACION CENTRAL
31;AK 14 24 06 AP 201;ESTACI흁 CENTRAL;ESTACION CENTRAL
32;CL 24B 13A 27;ESTACI흁 CENTRAL;ESTACION CENTRAL
33;CL 24A 13A 17 AP 102;ESTACI흁 CENTRAL;ESTACION CENTRAL
34;CL 24B 13A 39;ESTACI흁 CENTRAL;ESTACION CENTRAL
35;CL 24B 13A 19;ESTACI흁 CENTRAL;ESTACION CENTRAL
36;KR 13A 24A 47;ESTACI흁 CENTRAL;ESTACION CENTRAL
37;KR 13A 24A 35;ESTACI흁 CENTRAL;ESTACION CENTRAL
38;KR 13A 24A 27;ESTACI흁 CENTRAL;ESTACION CENTRAL
39;KR 13A 24A 19;ESTACI흁 CENTRAL;ESTACION CENTRAL
40;KR 13A 24A 13;ESTACI흁 CENTRAL;ESTACION CENTRAL
41;CL 24 13A 68;ESTACI흁 CENTRAL;ESTACION CENTRAL
42;CL 24A 13A 26;ESTACI흁 CENTRAL;ESTACION CENTRAL
43;CL 24A 13A 44;ESTACI흁 CENTRAL;ESTACION CENTRAL
44;CL 24A 13A 46;ESTACI흁 CENTRAL;ESTACION CENTRAL
45;CL 24A 13A 62;ESTACI흁 CENTRAL;ESTACION CENTRAL
46;CL 24A 13A 70;ESTACI흁 CENTRAL;ESTACION CENTRAL
47;AK 14 24 18 LC 1;ESTACI흁 CENTRAL;ESTACION CENTRAL
48;AK 14 24 28;ESTACI흁 CENTRAL;ESTACION CENTRAL
49;CL 24A 13A 83;ESTACI흁 CENTRAL;ESTACION CENTRAL
50;CL 24A 13 A 81;ESTACI흁 CENTRAL;ESTACION CENTRAL
51;CL 24A 13A 57;ESTACI흁 CENTRAL;ESTACION CENTRAL
52;CL 24A 13A -49;ESTACI흁 CENTRAL;ESTACION CENTRAL
53;CL 24A 13A 09 AP 101;ESTACI흁 CENTRAL;ESTACION CENTRAL
54;KR 13A 24 21 LC 1;ESTACI흁 CENTRAL;ESTACION CENTRAL
55;CL 24 13A 04;ESTACI흁 CENTRAL;ESTACION CENTRAL
56;CL 24 13A 12;ESTACI흁 CENTRAL;ESTACION CENTRAL
57;CL 24A 13A 17 AP 201;ESTACI흁 CENTRAL;ESTACION CENTRAL
58;CL 24 13A 48;ESTACI흁 CENTRAL;ESTACION CENTRAL
59;KR 13A 24 27 AP 201;ESTACI흁 CENTRAL;ESTACION CENTRAL
60;CL 24A 13A 14 AP 402;ESTACI흁 CENTRAL;ESTACION CENTRAL
61;CL 24 13A-84;ESTACI흁 CENTRAL;ESTACION CENTRAL
62;CL 24A 13A 14 AP 201;ESTACI흁 CENTRAL;ESTACION CENTRAL
63;CL 24A 13A 14 AP 401;ESTACI흁 CENTRAL;ESTACION CENTRAL
64;CL 24A 13A 17 AP 202;ESTACI흁 CENTRAL;ESTACION CENTRAL
65;CL 24A 13A 17 AP 301;ESTACI흁 CENTRAL;ESTACION CENTRAL
66;CL 24A 13A 17 AP 302;ESTACI흁 CENTRAL;ESTACION CENTRAL
67;KR 13A 25 09 AP 401;ESTACI흁 CENTRAL;ESTACION CENTRAL
68;CL 24A 13A 14 AP 301;ESTACI흁 CENTRAL;ESTACION CENTRAL
69;CL 24A 13A 14 AP 202;ESTACI흁 CENTRAL;ESTACION CENTRAL
70;CL 24A 13A 14 AP 501;ESTACI흁 CENTRAL;ESTACION CENTRAL
71;AK 14 24 10 LC 2;ESTACI흁 CENTRAL;ESTACION CENTRAL
72;CL 24 13A 52;ESTACI흁 CENTRAL;ESTACION CENTRAL
73;AK 14 24 06 AP 202;ESTACI흁 CENTRAL;ESTACION CENTRAL
74;CL 24A 13A 07 AP 302;ESTACI흁 CENTRAL;ESTACION CENTRAL
75;AK 14 24 06 AP 302;ESTACI흁 CENTRAL;ESTACION CENTRAL
76;CL 24A 13A 07 AP 201;ESTACI흁 CENTRAL;ESTACION CENTRAL
77;AK 14 24B 06;ESTACI흁 CENTRAL;ESTACION CENTRAL
78;CL 24A 13A 14 AP 302;ESTACI흁 CENTRAL;ESTACION CENTRAL
79;CL 24 13A 54;ESTACI흁 CENTRAL;ESTACION CENTRAL
80;CL 24A 13A 07 AP 102;ESTACI흁 CENTRAL;ESTACION CENTRAL
81;CL 24 13A 16;ESTACI흁 CENTRAL;ESTACION CENTRAL
82;CL 24A 13A 14 AP 502;ESTACI흁 CENTRAL;ESTACION CENTRAL
83;CL 24A 13A 07 AP 401;ESTACI흁 CENTRAL;ESTACION CENTRAL
84;KR 13A 25 09 LC 2;ESTACI흁 CENTRAL;ESTACION CENTRAL
85;AK 14 24 06 AP 301;ESTACI흁 CENTRAL;ESTACION CENTRAL
86;KR 13A 25 09 LC 1;ESTACI흁 CENTRAL;ESTACION CENTRAL
87;KR 13A 25 09 AP 101;ESTACI흁 CENTRAL;ESTACION CENTRAL
88;CL 24B 13A 43;ESTACI흁 CENTRAL;ESTACION CENTRAL
89;CL 24B 13A 36;ESTACI흁 CENTRAL;ESTACION CENTRAL
90;CL 24A 13A 41 AP 202;ESTACI흁 CENTRAL;ESTACION CENTRAL
91;CL 24B 13A 26;ESTACI흁 CENTRAL;ESTACION CENTRAL
92;CL 24B 13A 77;ESTACI흁 CENTRAL;ESTACION CENTRAL
93;CL 24A 13A 66;ESTACI흁 CENTRAL;ESTACION CENTRAL
94;CL 24A 13A 82;ESTACI흁 CENTRAL;ESTACION CENTRAL
95;CL 24B 13A 22;ESTACI흁 CENTRAL;ESTACION CENTRAL
96;CL 24A 13A 14 LC;ESTACI흁 CENTRAL;ESTACION CENTRAL
97;CL 24B 13A 83;ESTACI흁 CENTRAL;ESTACION CENTRAL
98;CL 24A 13A 17 AP 101;ESTACI흁 CENTRAL;ESTACION CENTRAL
99;CL 24B 13A 63;ESTACI흁 CENTRAL;ESTACION CENTRAL
100;CL 24A 13A 41 AP 302;ESTACI흁 CENTRAL;ESTACION CENTRAL
101;CL 24B 13A 51;ESTACI흁 CENTRAL;ESTACION CENTRAL
102;CL 24A 13A 41 AP 201;ESTACI흁 CENTRAL;ESTACION CENTRAL
103;CL 24B 13A 18;ESTACI흁 CENTRAL;ESTACION CENTRAL
104;CL 24A 13A 17 AP 402;ESTACI흁 CENTRAL;ESTACION CENTRAL
105;CL 24A 13A 04;ESTACI흁 CENTRAL;ESTACION CENTRAL
106;AK 14 24 02 LC 3;ESTACI흁 CENTRAL;ESTACION CENTRAL
107;AK 14 24 06 AP 401;ESTACI흁 CENTRAL;ESTACION CENTRAL
108;AK 14 24 06 AP 402;ESTACI흁 CENTRAL;ESTACION CENTRAL
109;AK 14 24 06 AP 501;ESTACI흁 CENTRAL;ESTACION CENTRAL
110;AK 14 24 06 AP 502;ESTACI흁 CENTRAL;ESTACION CENTRAL
111;KR 13A 25 09 AP 301;ESTACI흁 CENTRAL;ESTACION CENTRAL
112;CL 24 13A 58;ESTACI흁 CENTRAL;ESTACION CENTRAL
113;CL 24A 13A 41 AP 101;ESTACI흁 CENTRAL;ESTACION CENTRAL
114;CL 24A 13A 41 AP 301;ESTACI흁 CENTRAL;ESTACION CENTRAL
115;CL 24A 13A 17 AP 401;ESTACI흁 CENTRAL;ESTACION CENTRAL
116;CL 24 13A 72;ESTACI흁 CENTRAL;ESTACION CENTRAL
117;CL 24A 13A 07 AP 202;ESTACI흁 CENTRAL;ESTACION CENTRAL
118;CL 24A 13A 07 AP 301;ESTACI흁 CENTRAL;ESTACION CENTRAL
119;CL 24A 13A 07 AP 402;ESTACI흁 CENTRAL;ESTACION CENTRAL
120;KR 13A 24 37 LC 2;ESTACI흁 CENTRAL;ESTACION CENTRAL
121;KR 13A 24 27 AP 301;ESTACI흁 CENTRAL;ESTACION CENTRAL
122;KR 13A 24 27 AP 401;ESTACI흁 CENTRAL;ESTACION CENTRAL
123;KR 13A 24 27 AP 501;ESTACI흁 CENTRAL;ESTACION CENTRAL
124;KR 13A 25 09 AP 201;ESTACI흁 CENTRAL;ESTACION CENTRAL
125;CL 24A 13A 14 AP 101;ESTACI흁 CENTRAL;ESTACION CENTRAL
126;CL 24B 13A 16;ESTACI흁 CENTRAL;ESTACION CENTRAL
127;CL 24B 13A 06;ESTACI흁 CENTRAL;ESTACION CENTRAL
128;KR 13A 24B 05;ESTACI흁 CENTRAL;ESTACION CENTRAL
129;KR 13A 24B 17;ESTACI흁 CENTRAL;ESTACION CENTRAL
130;KR 13A 25 13;ESTACI흁 CENTRAL;ESTACION CENTRAL
131;CL 24B 13A 71;ESTACI흁 CENTRAL;ESTACION CENTRAL
132;CL 24B 13A 65;ESTACI흁 CENTRAL;ESTACION CENTRAL
133;RESERVA VIAL INTERSECCI흁 AVENIDA CHILE CON AV COLOMBIA.;LA ESTACI흁;ESTACION CENTRAL
134;KR 23 72 01-AREA RESTANTE PREDIO LA ESTACION;LA ESTACI흁;ESTACION CENTRAL
135;RESERVA PAR VIAL CRA 23;LA ESTACI흁;ESTACION CENTRAL
136;KR 32 19B 10 IN 5 LC 3;LA HOJA;LA HOJA
137;KR 32 19B 10 IN 12 LC 8;LA HOJA;LA HOJA
138;KR 32 19B 10 IN 8 LC 1;LA HOJA;LA HOJA
139;KR 32 19B 10 IN II LC 13;LA HOJA;LA HOJA
140;KR 32 19B 10 IN 2 LC 5;LA HOJA;LA HOJA
141;KR 32 19B 10 IN 11 LC 9;LA HOJA;LA HOJA
142;KR 32 19B 10 IN 11 LC 11;LA HOJA;LA HOJA
143;KR 32 19B 10 IN 11 LC 12;LA HOJA;LA HOJA
144;KR 32 19B 10 IN 11 LC 10;LA HOJA;LA HOJA
145;KR 32 19B 10 IN 1 LC 6;LA HOJA;LA HOJA
146;KR 32 19B 10 IN 3 LC 4;LA HOJA;LA HOJA
147;KR 32 19B 10 IN 1 LC 7;LA HOJA;LA HOJA
148;KR 32 19B 10 IN 7 LC 2;LA HOJA;LA HOJA
149;AC 13 52 60;EL PULPO;EL PULPO
150;KR 95 A # 54 F 10 SUR;CIUDADELA EL PORVENIR;PORVENIR
151;KR 98 53B 07 SUR;CIUDADELA EL PORVENIR;PORVENIR
152;AC 54 SUR 98 07;CIUDADELA EL PORVENIR;PORVENIR
153;KR 97 50B 48 SUR IN 1;PORVENIR MZ - 18;PORVENIR
154;KR 97 50B 48 SUR INT 2;PORVENIR MZ - 18;PORVENIR
155;CL 50B SUR 95 A 82;PORVENIR MZ - 18;PORVENIR
156;CL 50 B SUR 95 A 78 INT 1.;PORVENIR MZ - 18;PORVENIR
157;CL 69A SUR 92 47;CIUDADELA EL RECREO;EL RECREO
158;CL 5 10A 24;SAN BERNARDO;SAN BERNARDO
159;KR 12 3 82;SAN BERNARDO;SAN BERNARDO
160;KR 11 4 94;SAN BERNARDO;SAN BERNARDO
161;CL 3A 10 69;SAN BERNARDO;SAN BERNARDO
162;KR 10A 3 50;SAN BERNARDO;SAN BERNARDO
163;CL 4 11 46;SAN BERNARDO;SAN BERNARDO
164;KR 11A 3 89;SAN BERNARDO;SAN BERNARDO
165;KR 12 3 62 AP 103;SAN BERNARDO;SAN BERNARDO
166;KR 12 3 62 AP 301;SAN BERNARDO;SAN BERNARDO
167;CL 4 10A 10;SAN BERNARDO;SAN BERNARDO
168;CL 5 12A 66;SAN BERNARDO;SAN BERNARDO
169;KR 11B 3 55;SAN BERNARDO;SAN BERNARDO
170;CL 5 10 47 IN 3;SAN BERNARDO;SAN BERNARDO
171;CL 5 10 47 IN 11 0;SAN BERNARDO;SAN BERNARDO
172;KR 11A 3 72;SAN BERNARDO;SAN BERNARDO
173;CL 5 12 12;SAN BERNARDO;SAN BERNARDO
174;CL 3 11A 10;SAN BERNARDO;SAN BERNARDO
175;KR 10A 5 13;SAN BERNARDO;SAN BERNARDO
176;CL 5 12 18;SAN BERNARDO;SAN BERNARDO
177;CL 4 11A 44;SAN BERNARDO;SAN BERNARDO
178;KR 10A 3A 13;SAN BERNARDO;SAN BERNARDO
179;KR 11 4 51;SAN BERNARDO;SAN BERNARDO
180;CL 5 10A 06;SAN BERNARDO;SAN BERNARDO
181;CL 4 11 12;SAN BERNARDO;SAN BERNARDO
182;KR 12 5 29;SAN BERNARDO;SAN BERNARDO
183;KR 12 4A 24;SAN BERNARDO;SAN BERNARDO
184;CL 3A 10 56;SAN BERNARDO;SAN BERNARDO
185;KR 11A 4A 22;SAN BERNARDO;SAN BERNARDO
186;CL 5 12 28;SAN BERNARDO;SAN BERNARDO
187;KR 11 5 02;SAN BERNARDO;SAN BERNARDO
188;CL 3 11A 38;SAN BERNARDO;SAN BERNARDO
189;KR 11B 3 21;SAN BERNARDO;SAN BERNARDO
190;CL 3 11 26;SAN BERNARDO;SAN BERNARDO
191;KR 14 5 24;SAN BERNARDO;SAN BERNARDO
192;CL 4 10 46;SAN BERNARDO;SAN BERNARDO
193;CL 5 12 60;SAN BERNARDO;SAN BERNARDO
194;KR 11 4 02;SAN BERNARDO;SAN BERNARDO
195;KR 11A 4A 41;SAN BERNARDO;SAN BERNARDO
196;KR 12A 5 36;SAN BERNARDO;SAN BERNARDO
197;KR 12 3 48;SAN BERNARDO;SAN BERNARDO
198;CL 3 10A 14;SAN BERNARDO;SAN BERNARDO
199;KR 11 3 91;SAN BERNARDO;SAN BERNARDO
200;CL 5 10A 49;SAN BERNARDO;SAN BERNARDO
201;KR 11B 3 36;SAN BERNARDO;SAN BERNARDO
202;CL 4A 11A 59;SAN BERNARDO;SAN BERNARDO
203;CL 5 10A 41;SAN BERNARDO;SAN BERNARDO
204;KR 11B 3 24;SAN BERNARDO;SAN BERNARDO
205;CL 4A 11A 40;SAN BERNARDO;SAN BERNARDO
206;CL 4A 11A 94;SAN BERNARDO;SAN BERNARDO
207;KR 11 3 32;SAN BERNARDO;SAN BERNARDO
208;KR 11B 3 86;SAN BERNARDO;SAN BERNARDO
209;KR 11B 3 11;SAN BERNARDO;SAN BERNARDO
210;CL 4 11 10;SAN BERNARDO;SAN BERNARDO
211;CL 4 11A 36;SAN BERNARDO;SAN BERNARDO
212;KR 11 3 66;SAN BERNARDO;SAN BERNARDO
213;KR 12 4A 12;SAN BERNARDO;SAN BERNARDO
214;KR 10A 3A 31;SAN BERNARDO;SAN BERNARDO
215;CL 5 11A 61;SAN BERNARDO;SAN BERNARDO
216;CL 4 11A 43;SAN BERNARDO;SAN BERNARDO
217;KR 11B 3 30;SAN BERNARDO;SAN BERNARDO
218;CL 4 11 28;SAN BERNARDO;SAN BERNARDO
219;KR 11 3 81;SAN BERNARDO;SAN BERNARDO
220;KR 10A 3 25;SAN BERNARDO;SAN BERNARDO
221;KR 11 4 75;SAN BERNARDO;SAN BERNARDO
222;KR 12 4A 58;SAN BERNARDO;SAN BERNARDO
223;KR 11 3 95;SAN BERNARDO;SAN BERNARDO
224;KR 11 4 35;SAN BERNARDO;SAN BERNARDO
225;KR 11A 3 11;SAN BERNARDO;SAN BERNARDO
226;KR 11A 3 60;SAN BERNARDO;SAN BERNARDO
227;CL 3 11B 06;SAN BERNARDO;SAN BERNARDO
228;KR 10A 3 14;SAN BERNARDO;SAN BERNARDO
229;CL 5 12 22;SAN BERNARDO;SAN BERNARDO
230;KR 11B 3 81;SAN BERNARDO;SAN BERNARDO
231;KR 11A 4A 35;SAN BERNARDO;SAN BERNARDO
232;KR 11B 3 47;SAN BERNARDO;SAN BERNARDO
233;KR 11 4 83;SAN BERNARDO;SAN BERNARDO
234;KR 11 4 47;SAN BERNARDO;SAN BERNARDO
235;KR 12 3 66 IN 1;SAN BERNARDO;SAN BERNARDO
236;KR 11B 3 29;SAN BERNARDO;SAN BERNARDO
237;KR 12 3 66;SAN BERNARDO;SAN BERNARDO
238;KR 11B 3 63;SAN BERNARDO;SAN BERNARDO
239;KR 11A 3 93;SAN BERNARDO;SAN BERNARDO
240;CL 4A 11A 34;SAN BERNARDO;SAN BERNARDO
241;KR 10A 3A 07;SAN BERNARDO;SAN BERNARDO
242;KR 10A 3A 32;SAN BERNARDO;SAN BERNARDO
243;KR 11A 4A 63;SAN BERNARDO;SAN BERNARDO
244;CL 4 10 71;SAN BERNARDO;SAN BERNARDO
245;CL 4 10A 07;SAN BERNARDO;SAN BERNARDO
246;KR 11A 3 53;SAN BERNARDO;SAN BERNARDO
247;KR 11A 4A 19;SAN BERNARDO;SAN BERNARDO
248;CL 4A 11A 52;SAN BERNARDO;SAN BERNARDO
249;CL 5 11 23;SAN BERNARDO;SAN BERNARDO
250;KR 11A 4A 28;SAN BERNARDO;SAN BERNARDO
251;KR 11A 3 29;SAN BERNARDO;SAN BERNARDO
252;KR 12 3 62 AP 401;SAN BERNARDO;SAN BERNARDO
253;CL 5 11 27;SAN BERNARDO;SAN BERNARDO
254;CL 4A 11A 67;SAN BERNARDO;SAN BERNARDO
255;KR 11B 3 25;SAN BERNARDO;SAN BERNARDO
256;KR 11 3 98;SAN BERNARDO;SAN BERNARDO
257;KR 11 3 17;SAN BERNARDO;SAN BERNARDO
258;CL 4 11 19;SAN BERNARDO;SAN BERNARDO
259;CL 5 10A 15;SAN BERNARDO;SAN BERNARDO
260;KR 11A 3 58;SAN BERNARDO;SAN BERNARDO
261;CL 4 11 40;SAN BERNARDO;SAN BERNARDO
262;KR 10A 3A 22;SAN BERNARDO;SAN BERNARDO
263;KR 11A 4A 47;SAN BERNARDO;SAN BERNARDO
264;CL 3 11A 22;SAN BERNARDO;SAN BERNARDO
265;CL 6 12A 47;SAN BERNARDO;SAN BERNARDO
266;CL 3 10 62;SAN BERNARDO;SAN BERNARDO
267;KR 11 3 53;SAN BERNARDO;SAN BERNARDO
268;KR 11A 3 22;SAN BERNARDO;SAN BERNARDO
269;CL 4 10A 24;SAN BERNARDO;SAN BERNARDO
270;KR 12 3 62 AP 101;SAN BERNARDO;SAN BERNARDO
271;KR 11A 3 38;SAN BERNARDO;SAN BERNARDO
272;KR 12A 5 31;SAN BERNARDO;SAN BERNARDO
273;CL 5 12 36;SAN BERNARDO;SAN BERNARDO
274;KR 14 5 16;SAN BERNARDO;SAN BERNARDO
275;CL 4 11A 22;SAN BERNARDO;SAN BERNARDO
276;CL 4A 11A 70;SAN BERNARDO;SAN BERNARDO
277;CL 3A 10 62 AP 301;SAN BERNARDO;SAN BERNARDO
278;KR 10A 3A 25;SAN BERNARDO;SAN BERNARDO
279;CL 5 12 50;SAN BERNARDO;SAN BERNARDO
280;KR 11 3 74;SAN BERNARDO;SAN BERNARDO
281;KR 10A 3A 16;SAN BERNARDO;SAN BERNARDO
282;KR 12 4 30;SAN BERNARDO;SAN BERNARDO
283;CL 3A 10 73;SAN BERNARDO;SAN BERNARDO
284;CL 5 12A 44;SAN BERNARDO;SAN BERNARDO
285;CL 4 10A 04;SAN BERNARDO;SAN BERNARDO
286;KR 11 3 10;SAN BERNARDO;SAN BERNARDO
287;KR 11 3 12;SAN BERNARDO;SAN BERNARDO
288;CL 4 10 55;SAN BERNARDO;SAN BERNARDO
289;CL 5 10A 32;SAN BERNARDO;SAN BERNARDO
290;CL 4 10 81;SAN BERNARDO;SAN BERNARDO
291;KR 11 5 32;SAN BERNARDO;SAN BERNARDO
292;KR 12 5A 13;SAN BERNARDO;SAN BERNARDO
293;KR 11A 4A 16;SAN BERNARDO;SAN BERNARDO
294;KR 12 4A 46;SAN BERNARDO;SAN BERNARDO
295;CL 4 11A 34;SAN BERNARDO;SAN BERNARDO
296;KR 11 4 90;SAN BERNARDO;SAN BERNARDO
297;CL 4 11 25;SAN BERNARDO;SAN BERNARDO
298;KR 11B 3 64;SAN BERNARDO;SAN BERNARDO
299;KR 11B 3 37;SAN BERNARDO;SAN BERNARDO
300;KR 11 3 82;SAN BERNARDO;SAN BERNARDO
301;CL 4A 11A 54;SAN BERNARDO;SAN BERNARDO
302;KR 12 4A 36;SAN BERNARDO;SAN BERNARDO
303;CL 3A 10 62 IN 101 AP 101;SAN BERNARDO;SAN BERNARDO
304;KR 11 3 88;SAN BERNARDO;SAN BERNARDO
305;KR 11A 3 90;SAN BERNARDO;SAN BERNARDO
306;CL 4A 11A 68;SAN BERNARDO;SAN BERNARDO
307;KR 11 4 23;SAN BERNARDO;SAN BERNARDO
308;CL 5 11A 37;SAN BERNARDO;SAN BERNARDO
309;KR 11 3 73;SAN BERNARDO;SAN BERNARDO
310;KR 11B 3 87;SAN BERNARDO;SAN BERNARDO
311;CL 4 11B 16;SAN BERNARDO;SAN BERNARDO
312;KR 11 4 66;SAN BERNARDO;SAN BERNARDO
313;KR 12 4 12;SAN BERNARDO;SAN BERNARDO
314;CL 5 10A 21;SAN BERNARDO;SAN BERNARDO
315;KR 12 4 20;SAN BERNARDO;SAN BERNARDO
316;CL 5 11 31;SAN BERNARDO;SAN BERNARDO
317;CL 4 11A 17;SAN BERNARDO;SAN BERNARDO
318;KR 10A 5 33;SAN BERNARDO;SAN BERNARDO
319;KR 10A 5 23;SAN BERNARDO;SAN BERNARDO
320;KR 10A 5 27;SAN BERNARDO;SAN BERNARDO
321;CL 5 10A 20;SAN BERNARDO;SAN BERNARDO
322;CL 3A 10 62 CN 102;SAN BERNARDO;SAN BERNARDO
323;CL 5 10A 28;SAN BERNARDO;SAN BERNARDO
324;CL 3 10A 08;SAN BERNARDO;SAN BERNARDO
325;CL 4 10A 13;SAN BERNARDO;SAN BERNARDO
326;CL 3 10 78;SAN BERNARDO;SAN BERNARDO
327;CL 3A 10 63;SAN BERNARDO;SAN BERNARDO
328;CL 3 10 72;SAN BERNARDO;SAN BERNARDO
329;CL 5 12A 10;SAN BERNARDO;SAN BERNARDO
330;CL 5 12A 38;SAN BERNARDO;SAN BERNARDO
331;CL 4 11B 45;SAN BERNARDO;SAN BERNARDO
332;KR 12A 5 47;SAN BERNARDO;SAN BERNARDO
333;KR 10A 5 39;SAN BERNARDO;SAN BERNARDO
334;KR 11B 3 72;SAN BERNARDO;SAN BERNARDO
335;KR 11B 3 58;SAN BERNARDO;SAN BERNARDO
336;KR 11A 3 59;SAN BERNARDO;SAN BERNARDO
337;KR 11 4 71;SAN BERNARDO;SAN BERNARDO
338;CL 5 12 44;SAN BERNARDO;SAN BERNARDO
339;KR 11A 3 47;SAN BERNARDO;SAN BERNARDO
340;KR 11A 3 37;SAN BERNARDO;SAN BERNARDO
341;KR 11 3 07;SAN BERNARDO;SAN BERNARDO
342;KR 11 4 28;SAN BERNARDO;SAN BERNARDO
343;KR 12 3 74;SAN BERNARDO;SAN BERNARDO
344;KR 11A 3 34;SAN BERNARDO;SAN BERNARDO
345;CL 3 11 36;SAN BERNARDO;SAN BERNARDO
346;KR 11 3 05;SAN BERNARDO;SAN BERNARDO
347;CL 5 12A 88;SAN BERNARDO;SAN BERNARDO
348;KR 12A 5 41;SAN BERNARDO;SAN BERNARDO
349;KR 11A 3 12;SAN BERNARDO;SAN BERNARDO
350;KR 11 5 64;SAN BERNARDO;SAN BERNARDO
351;CL 4 10 72;SAN BERNARDO;SAN BERNARDO
352;KR 11A 4A 29;SAN BERNARDO;SAN BERNARDO
353;KR 11 4 50;SAN BERNARDO;SAN BERNARDO
354;CL 5 10 63;SAN BERNARDO;SAN BERNARDO
355;KR 11 3 24;SAN BERNARDO;SAN BERNARDO
356;CL 4 11 05;SAN BERNARDO;SAN BERNARDO
357;KR 11 3 38;SAN BERNARDO;SAN BERNARDO
358;KR 11 3 46;SAN BERNARDO;SAN BERNARDO
359;KR 10A 3A 37;SAN BERNARDO;SAN BERNARDO
360;CL 3A 10 62 CN 101;SAN BERNARDO;SAN BERNARDO
361;KR 10A 3 45;SAN BERNARDO;SAN BERNARDO
362;KR 12A 5 19;SAN BERNARDO;SAN BERNARDO
363;KR 11A 4A 23;SAN BERNARDO;SAN BERNARDO
364;CL 4 11 20;SAN BERNARDO;SAN BERNARDO
365;CL 4 11B 25;SAN BERNARDO;SAN BERNARDO
366;KR 11A 3 46;SAN BERNARDO;SAN BERNARDO
367;KR 10A 3 40;SAN BERNARDO;SAN BERNARDO
368;CL 4 11B 03;SAN BERNARDO;SAN BERNARDO
369;CL 4 11 39;SAN BERNARDO;SAN BERNARDO
370;KR 11A 4A 10;SAN BERNARDO;SAN BERNARDO
371;CL 5 10A 35;SAN BERNARDO;SAN BERNARDO
372;CL 4 11B 05;SAN BERNARDO;SAN BERNARDO
373;KR 12 4 24;SAN BERNARDO;SAN BERNARDO
374;CL 5 10A 38;SAN BERNARDO;SAN BERNARDO
375;KR 11B 3 78;SAN BERNARDO;SAN BERNARDO
376;CL 5 12A 76;SAN BERNARDO;SAN BERNARDO
377;CL 4 11A 33;SAN BERNARDO;SAN BERNARDO
378;KR 11A 3 79;SAN BERNARDO;SAN BERNARDO
379;KR 11A 3 26;SAN BERNARDO;SAN BERNARDO
380;KR 11A 3 69;SAN BERNARDO;SAN BERNARDO
381;KR 10A 3 22;SAN BERNARDO;SAN BERNARDO
382;CL 3A 10 62 AP 201;SAN BERNARDO;SAN BERNARDO
383;KR 11 3 35;SAN BERNARDO;SAN BERNARDO
384;CL 3 11B 10;SAN BERNARDO;SAN BERNARDO
385;KR 11B 3 93;SAN BERNARDO;SAN BERNARDO
386;KR 11B 3 17;SAN BERNARDO;SAN BERNARDO
387;CL 3 11A 08;SAN BERNARDO;SAN BERNARDO
388;KR 11A 4A 07;SAN BERNARDO;SAN BERNARDO
389;KR 11B 3 48;SAN BERNARDO;SAN BERNARDO
390;KR 11 3 52;SAN BERNARDO;SAN BERNARDO
391;CL 5 12 40;SAN BERNARDO;SAN BERNARDO
392;KR 11A 3 94;SAN BERNARDO;SAN BERNARDO
393;KR 11 3 59;SAN BERNARDO;SAN BERNARDO
394;CL 3 11A 28;SAN BERNARDO;SAN BERNARDO
395;CL 4 11 13;SAN BERNARDO;SAN BERNARDO
396;KR 11 3 25;SAN BERNARDO;SAN BERNARDO
397;CL 4 10 64;SAN BERNARDO;SAN BERNARDO
398;CL 5 12A 82;SAN BERNARDO;SAN BERNARDO
399;KR 11 5 22;SAN BERNARDO;SAN BERNARDO
400;CL 4 10A 16;SAN BERNARDO;SAN BERNARDO
401;KR 12A 5 51;SAN BERNARDO;SAN BERNARDO
402;CL 5 12A 30;SAN BERNARDO;SAN BERNARDO
403;KR 10A 3 53;SAN BERNARDO;SAN BERNARDO
404;CL 4 11B 35;SAN BERNARDO;SAN BERNARDO
405;CL 4 10 62;SAN BERNARDO;SAN BERNARDO
406;CL 5 10 77;SAN BERNARDO;SAN BERNARDO
407;CL 3A 10 62 IN 201 AP 201;SAN BERNARDO;SAN BERNARDO
408;KR 12 4 02;SAN BERNARDO;SAN BERNARDO
409;CL 4A 11A 78;SAN BERNARDO;SAN BERNARDO
410;KR 10A 3 31;SAN BERNARDO;SAN BERNARDO
411;KR 11 4 57;SAN BERNARDO;SAN BERNARDO
412;KR 12 4A 18;SAN BERNARDO;SAN BERNARDO
413;KR 11A 4A 59;SAN BERNARDO;SAN BERNARDO
414;KR 11 3 67;SAN BERNARDO;SAN BERNARDO
415;KR 11A 4A 13;SAN BERNARDO;SAN BERNARDO
416;CL 4 11B 19;SAN BERNARDO;SAN BERNARDO
417;CL 4 11B 15;SAN BERNARDO;SAN BERNARDO
418;KR 11B 3 71;SAN BERNARDO;SAN BERNARDO
419;KR 12 3 46;SAN BERNARDO;SAN BERNARDO
420;KR 12A 5 02;SAN BERNARDO;SAN BERNARDO
421;CL 4 11A 45;SAN BERNARDO;SAN BERNARDO
422;CL 4 11A 27;SAN BERNARDO;SAN BERNARDO
423;KR 12 3 62 AP 102;SAN BERNARDO;SAN BERNARDO
424;CL 3 11 18;SAN BERNARDO;SAN BERNARDO
425;KR 12 3 62 AP 201;SAN BERNARDO;SAN BERNARDO
426;CL 4 10 63;SAN BERNARDO;SAN BERNARDO
427;KR 10A 3 04;SAN BERNARDO;SAN BERNARDO
428;KR 11 5 40;SAN BERNARDO;SAN BERNARDO
429;KR 11 4 43;SAN BERNARDO;SAN BERNARDO
430;KR 12 5 09;SAN BERNARDO;SAN BERNARDO
431;KR 11A 3 80;SAN BERNARDO;SAN BERNARDO
432;CL 4A 11A 61;SAN BERNARDO;SAN BERNARDO
433;CL 5 10 67;SAN BERNARDO;SAN BERNARDO
434;CL 6 12A 63;SAN BERNARDO;SAN BERNARDO
435;KR 11 4 80;SAN BERNARDO;SAN BERNARDO
436;CL 4A 11A 79;SAN BERNARDO;SAN BERNARDO
437;CL 5 10A 12;SAN BERNARDO;SAN BERNARDO
438;CL 3A 10 70;SAN BERNARDO;SAN BERNARDO
439;CL 5 11A 15;SAN BERNARDO;SAN BERNARDO
440;KR 11 3 43;SAN BERNARDO;SAN BERNARDO
441;KR 11 4 93;SAN BERNARDO;SAN BERNARDO
442;KR 11 4 24;SAN BERNARDO;SAN BERNARDO
443;KR 10A 5 17;SAN BERNARDO;SAN BERNARDO
444;KR 11A 3 21;SAN BERNARDO;SAN BERNARDO
445;KR 11 4 29;SAN BERNARDO;SAN BERNARDO
446;KR 11 4 05;SAN BERNARDO;SAN BERNARDO
447;CL 5 12A 22;SAN BERNARDO;SAN BERNARDO
448;KR 14 5 58;SAN BERNARDO;SAN BERNARDO
449;KR 12 5 23;SAN BERNARDO;SAN BERNARDO
450;KR 12 4A 30;SAN BERNARDO;SAN BERNARDO
451;KR 14 5 48;SAN BERNARDO;SAN BERNARDO
452;KR 11 5 56;SAN BERNARDO;SAN BERNARDO
453;CL 5 10 47 IN 7;SAN BERNARDO;SAN BERNARDO
454;CL 5 10 57;SAN BERNARDO;SAN BERNARDO
455;CL 4 11A 10 MJ;SAN BERNARDO;SAN BERNARDO
456;CL 5 10 47 IN 5;SAN BERNARDO;SAN BERNARDO
457;CL 5 10 47 IN 1 0;SAN BERNARDO;SAN BERNARDO
458;CL 5 10 47 IN 9 0;SAN BERNARDO;SAN BERNARDO
459;CL 3A 10 51;SAN BERNARDO;SAN BERNARDO
460;KR 10A 5 53;SAN BERNARDO;SAN BERNARDO
461;CL 3 10 54;SAN BERNARDO;SAN BERNARDO
462;CL 5 10 47 IN 13;SAN BERNARDO;SAN BERNARDO
463;KR 5A E 18 84 S;SAN BLAS;SAN BLAS
464;CL 9 SUR 3 09 ESTE;SOCIEGO;
465;KR 79 BIS A 73D 20 SUR;SANTA CECILIA - BOSA;BOSA
466;CL 9 12 56;SAN VICTORINO;SAN VICTORINO
467;CL 9 11 38;SAN VICTORINO;SAN VICTORINO
468;CL 9 11 22;SAN VICTORINO;SAN VICTORINO
469;CL 9 11 48;SAN VICTORINO;SAN VICTORINO
470;KR 11 9 57;SAN VICTORINO;SAN VICTORINO
471;KR 13 9 70;SAN VICTORINO;SAN VICTORINO
472;EL UVAL EL RESVALON;USME 3;USME
473;EL COMETA PTE EL UVAL;USME 3;USME
474;LA ALCANCIA;USME 3;USME
475;LA ESPERANZA;USME 3;USME
476;KR 6H ESTE 114A 63 SUR;USME 3;USME
477;EL BALCON EL UVAL;USME 3;USME
478;LA ESCUELA EL UVAL;USME 3;USME
479;USME;TRES QUEBRADAS UG_1;TRES QUEBRADAS
480;UGI 1 - LOTE 2;TRES QUEBRADAS UG_1;TRES QUEBRADAS
481;UGI 1- LOTE 1;TRES QUEBRADAS UG_1;TRES QUEBRADAS
482;UGI 1 - LOTE 2;TRES QUEBRADAS UG_1;TRES QUEBRADAS
483;UGI 1 PARQUE;TRES QUEBRADAS UG_1;TRES QUEBRADAS
484;CL 14 114A 56 SUR;TRES QUEBRADAS UG_1;TRES QUEBRADAS
485;UGI 1 - LOTE 3;TRES QUEBRADAS UG_1;TRES QUEBRADAS
486;KR 5 ESTE 110 11 SUR;TRES QUEBRADAS UG_2;TRES QUEBRADAS
487;AGUALINDA QUEBRADAS;TRES QUEBRADAS UG_9;TRES QUEBRADAS
488;TV 4D ESTE 99 20 SUR;USME 2 - IDIPRON;IDIPRON
489;TV 4G BIS ESTE 100B 11 SUR E;USME 2 - IDIPRON;IDIPRON
490;CL 9 15A 70;VOTO NACIONAL;VOTO NACIONAL
491;CL 9 11-40;SAN VICTORINO;SAN VICTORINO
492;CL 24 A 13 A 65;ESTACI흁 CENTRAL;ESTACION CENTRAL
493;CL 24 13 A 42;ESTACI흁 CENTRAL;ESTACION CENTRAL
494;KR 20A 26 68;EDUARDO UMA헤;UMANA
495;CL 27 19B 49 IN1;EDUARDO UMA헤;UMANA
496;KR 13 9 04;SAN VICTORINO;SAN VICTORINO
497;KR 12A 9 81;SAN VICTORINO;SAN VICTORINO
498;DG 9 BIS 12A 71;SAN VICTORINO;SAN VICTORINO
499;CL 42 SUR 14 75 ESTE;C.A.S.C. - VIVIENDA - AOP5;AOP5
500;CL 4 SUR 2A 66 ESTE;AREA DE OPORTUNIDAC BUENOS AIRES;BUENOS AIRES
501;CL 4 SUR 2A 60 ESTE;AREA DE OPORTUNIDAC BUENOS AIRES;BUENOS AIRES
502;CL 4 SUR 2A 74 ESTE;AREA DE OPORTUNIDAC BUENOS AIRES;BUENOS AIRES
